{
    "pages": [ //pages数组中第一项表示应用启动页,
		// {
		// 	"path": "pages/ordersShipment/ordersShipment",
		// 	"style": {
		// 		"navigationBarTitleText": "订单发货"
		// 	}
		// },
		// {
		// 	"path": "pages/confirmOrder/confirmOrder",
		// 	"style": {
		// 		"navigationBarTitleText": "确认订单"
		// 	}
		// },
		{
            "path": "pages/main/main",
            "style": {
                "navigationBarTitleText": "登录模板"
            }
        }, {
            "path": "pages/login/login",
            "style": {
                "navigationBarTitleText": "登录"
            }
        }, {
            "path": "pages/reg/reg",
            "style": {
                "navigationBarTitleText": "注册"
            }
        }, {
            "path": "pages/pwd/pwd",
            "style": {
                "navigationBarTitleText": "找回密码"
            }
        }, {
            "path": "pages/user/user",
            "style": {
                "navigationBarTitleText": "我的"
            }
        }, {
            "path": "pages/erji/erji",
            "style": {
                "navigationBarTitleText": "二级"
            }
        }, {
            "path": "pages/sanji/sanji",
            "style": {
                "navigationBarTitleText": "三级"
            }
        }, {
            "path": "pages/sanji1/sanji1",
            "style": {
                "navigationBarTitleText": "三级1"
            }
        }, {
            "path": "pages/sanji2/sanji2",
            "style": {
                "navigationBarTitleText": "三级2"
            }
        }, {
			"path": "pages/productDetails/productDetails",
			"style": {
				"navigationBarTitleText": "订单详情"
			}
		}
    ],
    "tabBar": {
        "color": "#7a7e83",
        "selectedColor": "#0faeff",
        "backgroundColor": "#ffffff",
        "list": [{
            "pagePath": "pages/main/main",
            "text": "协同",
            "iconPath": "static/img/home.png",
            "selectedIconPath": "static/img/homeHL.png"
        },{
            "pagePath": "pages/pwd/pwd",
            "text": "营销",
            "iconPath": "static/img/home.png",
            "selectedIconPath": "static/img/homeHL.png"
        }, {
            "pagePath": "pages/user/user",
            "text": "我的",
            "iconPath": "static/img/user.png",
            "selectedIconPath": "static/img/userHL.png"
        }]
    },
    "globalStyle": {
        "navigationBarTextStyle": "white",
        "navigationBarBackgroundColor": "#0faeff",
        "backgroundColor": "#fbf9fe"
    }
}
